{
  "n": 15,
  "overall": {
    "recall_at_5": 0.6277777777777778,
    "recall_at_10": 0.9166666666666666,
    "mrr_at_10": 0.9666666666666667,
    "ndcg_at_10": 0.9497624291920556,
    "facet_coverage": 0.64,
    "norm_type_coverage": 1.0,
    "conflict_evidence_recall": 0.0,
    "workflow_step_coverage": 0.0,
    "citation_precision": 0.9849019607843137,
    "abstention_accuracy": 1.0,
    "future_rule_misuse": 0.0
  },
  "by_task_type": {
    "case_outcome_prediction": {
      "recall_at_5": 0.6277777777777778,
      "recall_at_10": 0.9166666666666666,
      "mrr_at_10": 0.9666666666666667,
      "ndcg_at_10": 0.9497624291920556,
      "facet_coverage": 0.64,
      "norm_type_coverage": 1.0,
      "conflict_evidence_recall": 0.0,
      "workflow_step_coverage": 0.0,
      "citation_precision": 0.9849019607843137,
      "abstention_accuracy": 1.0,
      "future_rule_misuse": 0.0
    }
  }
}